Pattern,Complexity
1111111,0.0
1111000,4.401035491181065
1101100,11.799451830469426
0100101,38.99756809131579
0001010,41.396160373585616
0111010,41.65111657943433