Pattern,Complexity
111,0.0
110,6.063158336698729
001,15.68621667532054
010,19.246116677243624