Pattern,Complexity
1111,0.0
1010,6.0
1001,11.949875002403854
1101,12.32243125132212
0001,18.694987500240387
0110,24.272306253725972