Pattern,Complexity
11111,0.0
10100,11.041344853728564
10110,11.470116091683508
11101,12.634328620485173
11011,13.172224049196895
10101,13.411767712093038
01010,26.823535424186076